Element,Distortion Coefficients
k1,0.0009576823448619316
k2,0.019894506538818867
p1,-6.080621998897302e-06
p2,4.612496839081337e-05
k3,0.21472837063018188
